id,seq,length,type,chirality_pattern,n_d,n_l,n_chiral,violations,rate,geom_checked,geom_ok,geom_planar,n_conf,time
S01,FWK,3,pure_D,DDD,3,0,3,0,0.0,3,3,0,3,0.48963069915771484
S02,RVED,4,pure_D,DDDD,4,0,4,0,0.0,4,4,0,3,0.886542797088623
S03,ACMF,4,pure_D,DDDD,4,0,4,0,0.0,4,4,0,3,0.45387864112854004
S04,NQHWY,5,pure_D,DDDDD,5,0,5,0,0.0,5,5,0,3,1.377415657043457
S05,LFMAE,5,pure_D,DDDDD,5,0,5,0,0.0,5,5,0,3,0.9103951454162598
M01,AFWKLD,6,pure_D,DDDDDD,6,0,6,0,0.0,6,6,0,3,1.654850721359253
M02,RVFDSN,6,pure_D,DDDDDD,6,0,6,0,0.0,6,6,0,3,1.3152472972869873
M03,MWKYELR,7,pure_D,DDDDDDD,7,0,7,0,0.0,7,7,0,1,2.3504934310913086
M04,FHCDSWTK,8,pure_D,DDDDDDDD,8,0,8,0,0.0,9,9,0,3,2.822291612625122
M05,ETFSDLWKLL,10,pure_D,DDDDDDDDDD,10,0,10,0,0.0,11,11,0,2,4.49546217918396
M06,TNWYQGLRFD,10,pure_D,DDDDDDDDDD,9,0,9,0,0.0,10,10,0,3,4.930270671844482
M07,PRFWEYNLKA,10,pure_D,DDDDDDDDDD,10,0,10,0,0.0,10,10,0,2,4.6179773807525635
M08,DLKWFATINR,10,pure_D,DDDDDDDDDD,10,0,10,0,0.0,12,12,0,3,5.768427610397339
L01,FYWKELDRSNTQ,12,pure_D,DDDDDDDDDDDD,12,0,12,0,0.0,0,0,0,0,0.0014452934265136719
L02,AWVELDKFRSHTN,13,pure_D,DDDDDDDDDDDDD,13,0,13,0,0.0,0,0,0,0,0.0012497901916503906
L03,RFSDELWNKYAMQ,13,pure_D,DDDDDDDDDDDDD,13,0,13,0,0.0,0,0,0,0,0.0012691020965576172
L04,THWKFVELRDSNYQA,15,pure_D,DDDDDDDDDDDDDDD,15,0,15,0,0.0,0,0,0,0,0.001506805419921875
L05,TSFAEYWNLLSPRKD,15,pure_D,DDDDDDDDDDDDDDD,15,0,15,0,0.0,0,0,0,0,0.0014240741729736328
L06,DWFKELAYNSRTMHQV,16,pure_D,DDDDDDDDDDDDDDDD,16,0,16,0,0.0,0,0,0,0,0.0015540122985839844
L07,PRVFWEYNLKASDTQMC,17,pure_D,DDDDDDDDDDDDDDDDD,17,0,17,0,0.0,0,0,0,0,0.001512765884399414
L08,THWKFVELRDSNYQAMCI,18,pure_D,DDDDDDDDDDDDDDDDDD,18,0,18,0,0.0,0,0,0,0,0.0016851425170898438
H01,AAAAAAAAAA,10,pure_D,DDDDDDDDDD,10,0,10,0,0.0,10,10,0,3,1.320739984512329
H02,FFFFFFFF,8,pure_D,DDDDDDDD,8,0,8,0,0.0,8,8,0,2,3.044049024581909
H03,LLLLLLLLLL,10,pure_D,DDDDDDDDDD,10,0,10,0,0.0,10,10,0,1,3.74626088142395
C01,KKRRDDEEHHNN,12,pure_D,DDDDDDDDDDDD,12,0,12,0,0.0,0,0,0,0,0.0013806819915771484
C02,SSTTCCMMWWYY,12,pure_D,DDDDDDDDDDDD,12,0,12,0,0.0,0,0,0,0,0.0012087821960449219
A01,ACDEFHIKLMNQRSTVWY,18,pure_D,DDDDDDDDDDDDDDDDDD,18,0,18,0,0.0,0,0,0,0,0.0016758441925048828
P01,PPVFWAEL,8,pure_D,DDDDDDDD,8,0,8,0,0.0,8,8,0,3,4.17938232421875
P02,RFPSDPLWKP,10,pure_D,DDDDDDDDDD,10,0,10,0,0.0,10,10,0,3,7.118756294250488
G01,GGGFWKGGG,9,pure_D,DDDDDDDDD,3,0,3,0,0.0,3,3,0,2,1.3182992935180664
G02,AGFGWGKGL,9,pure_D,DDDDDDDDD,5,0,5,0,0.0,5,5,0,3,2.0370407104492188
DIA_DP19,ETFSDLWKLLRFNQHWYAM,19,diastereomer,DDLLDDDLLDDDLLDDDDL,12,7,19,0,0.0,0,0,0,0,0.0022139549255371094
DIA_DP9,TNWYQGLRF,9,diastereomer,DLDLDLDLD,5,4,8,0,0.0,9,9,0,0,4.912439823150635
DIA_DP12,ETFSDLWKLLRF,12,diastereomer,DDDDLLLLLDDL,6,6,12,0,0.0,0,0,0,0,0.0020923614501953125
ALT_6,AFWKEL,6,diastereomer,DLDLDL,3,3,6,0,0.0,6,6,0,0,2.0228540897369385
ALT_10,ETFSDLWKLL,10,diastereomer,DLDLDLDLDL,5,5,10,0,0.0,11,11,0,0,4.012117147445679
ALT_14,THWKFVELRDSNYQ,14,diastereomer,DLDLDLDLDLDLDL,7,7,14,0,0.0,0,0,0,0,0.0015187263488769531
RND_8,MWKYELRF,8,diastereomer,DDDLLDLD,5,3,8,0,0.0,8,8,0,0,5.733218669891357
RND_12,RFSDELWNKYAM,12,diastereomer,DLDDLDDLDLDD,8,4,12,0,0.0,0,0,0,0,0.001308441162109375
RND_16,DWFKELAYNSRTMHQV,16,diastereomer,DLDDDLLDDLDDLDLD,10,6,16,0,0.0,0,0,0,0,0.001516103744506836
DRUG_L1D,AFWKELDR,8,diastereomer,LLLDLLLL,1,7,8,0,0.0,8,8,0,0,4.50325608253479
DRUG_L2D,TNWYQGLRFD,10,diastereomer,LLLDLLLLDL,2,8,9,0,0.0,10,10,0,0,4.74479603767395
DRUG_L3D,RFSDELWNKYAMQ,13,diastereomer,LLDLLLLLLDLLL,2,11,13,0,0.0,0,0,0,0,0.0014164447784423828
BLK_HALF,ETFSDLWKLL,10,diastereomer,DDDDDLLLLL,5,5,10,0,0.0,11,11,0,0,3.9859981536865234
BLK_THIRD,FYWKELDRSNTQ,12,diastereomer,DDDDLLLLDDDD,8,4,12,0,0.0,0,0,0,0,0.0014286041259765625
CTRL_ALL_L,AFWKELDR,8,diastereomer,LLLLLLLL,0,8,8,0,0.0,8,8,0,0,3.8643417358398438
