PDB_ID,Residue_Code,Chain,Positions,N_Errors,Signed_Volume_Range,Resolution,Deposition_Date,Title,In_SEQRES,ATOM_Lines,HETATM_Lines,Polymer_Status,Error_Type,Biological_Context,Evidence_COMPND,Evidence_SEQRES,Evidence_Literature,Evidence_Internal_Control,Correct_Label,Conclusion
1ABI,DPN,I,56,1,+2.49,2.30 Å,31-JAN-94,STRUCTURE OF THE HIRULOG 3-THROMBIN COMPLEX AND NATURE OF THE S' SUBSITES OF SUBSTRATES AND INHIBITORS,True,0,22,In SEQRES (polymer),Stereochem,Hirulog-3 thrombin inhibitor peptide; D-Phe (DPN) at position 2 is by design,COMPND lists 'HIRULOG 3' peptide on chain I,DPN appears in SEQRES for chain I,Hirulog peptides contain D-Phe as a key pharmacophore element,"DPN:1 vol=-2.60 (correct D); DPN:56 vol=+2.49 (L-error); same atom naming, no ALTLOCs",DPN (D-Phe) — label is correct; coordinates are wrong,Genuine coordinate-level stereochemistry error
1BG0,DAR,A,403,1,+2.58,1.86 Å,14-OCT-98,TRANSITION STATE STRUCTURE OF ARGININE KINASE,False,0,12,Not in SEQRES (non-polymer ligand),CCD-Code,Arginine kinase — substrate is L-arginine,COMPND: 'ARGININE KINASE'; title: 'TRANSITION STATE STRUCTURE OF ARGININE KINASE',DAR does NOT appear in any SEQRES record,Arginine kinase catalyses phosphoryl transfer to L-arginine (EC 2.7.3.3),"N/A — standalone ligand, no polymer D-residues",ARG (L-Arg) — should use L-form CCD code,CCD code misassignment: L-arginine substrate labeled with D-Arg code (DAR)
1D7T,DTY,A,4,1,+1.85,NMR,13-SEP-00,NMR STRUCTURE OF AN ENGINEERED CONTRYPHAN CYCLIC PEPTIDE (MOTIF CPXXPXC),True,0,420,In SEQRES (polymer),Stereochem,"Engineered contryphan cyclic peptide; explicitly named [D-Tyr4, Asn5, Lys7]contryphan-R",COMPND: 'YNK-CONTRYPHAN'; SEQRES: GLY CYS HYP DTY ASN PRO LYS CY3,DTY at position 4 in SEQRES for chain A,Pallaghy & Norton (2000); contryphan motif CPxXPXC uses D-residue at lowercase x position,"N/A — single DTY residue in structure (NMR, B-factors all 0.00)",DTY (D-Tyr) — label is correct; coordinates are wrong,Genuine coordinate-level stereochemistry error in NMR structure
1HHZ,DAL,E,1,1,+2.70,0.99 Å,05-SEP-03,DEGLUCOBALHIMYCIN IN COMPLEX WITH CELL WALL PENTAPEPTIDE,True,0,43,In SEQRES (polymer),Stereochem,Deglucobalhimycin complexed with cell wall pentapeptide (L-Ala-γ-D-Glu-L-Lys-D-Ala-D-Ala); D-Ala biologically required,COMPND: 'DEGLUCOBALHIMYCIN' + 'CELL WALL PENTAPEPTIDE' on chain E,DAL appears in SEQRES for chain E (pentapeptide),Bacterial cell wall peptidoglycan terminates in D-Ala-D-Ala; vancomycin-class antibiotics bind this motif,0.99 Å atomic resolution — electron density unambiguous; coordinates clearly L,DAL (D-Ala) — label is correct; coordinates are wrong,Genuine coordinate-level stereochemistry error at atomic resolution
1KO0,DLY,A,542,1,+0.12,2.20 Å,11-NOV-03,"CRYSTAL STRUCTURE OF A D,L-LYSINE COMPLEX OF DIAMINOPIMELATE DECARBOXYLASE",False,0,10,Not in SEQRES (non-polymer ligand),Borderline,"Diaminopimelate decarboxylase complexed with D,L-lysine (racemic mixture)","Title: 'CRYSTAL STRUCTURE OF A D,L-LYSINE COMPLEX OF DIAMINOPIMELATE DECARBOXYLASE'",DLY does NOT appear in SEQRES,"Title explicitly states D,L-lysine (racemic); could be either enantiomer in binding site","ALTLOC B, B-factor 32.3 Å²; signed volume +0.12 (near-zero, inconclusive)",Ambiguous — racemic conditions; could be LYS (L-Lys) from the racemic mix,Borderline: near-zero signed volume under racemic crystallization conditions
1MCB,DHI,P,3,1,+2.60,2.70 Å,31-JAN-94,PRINCIPLES AND PITFALLS IN DESIGNING SITE DIRECTED PEPTIDE LIGANDS,True,0,10,In SEQRES (polymer),Mislabel,Designed peptide ligand for immunoglobulin MCG; sequence is N-Acetyl-L-Gln-D-Phe-L-His-D-Pro-OH,COMPND explicitly states: 'PEPTIDE N-ACETYL-L-GLN-D-PHE-L-HIS-D-PRO-OH',SEQRES: ACE GLN DPN DHI DPR — uses DHI but COMPND says L-HIS at position 3,Edmundson et al. (1993) Proteins 16:246-267; peptide design with specific L/D pattern,"DPN at pos 2 (D-Phe, intended D) and DPR at pos 4 (D-Pro, intended D) are correctly specified",HIS (L-His) — COMPND says L-HIS; DHI is wrong residue code,Polymer residue mislabel: L-His labeled as DHI (D-His) in SEQRES despite COMPND saying L-HIS
1OF6,DTY,A-H,1369;1370;1371,8,+2.51 to +2.67,2.10 Å,06-MAY-04,CRYSTAL STRUCTURE OF THE TYROSINE-REGULATED 3-DEOXY-D-ARABINO- HEPTULOSONATE-7-PHOSPHATE SYNTHASE FROM SACCHAROMYCES CEREVISIAE COMPLEXED WITH TYROSINE AND MANGANESE,False,0,104,Not in SEQRES (non-polymer ligand),CCD-Code,Tyrosine-regulated DAHP synthase (Aro4p) from S. cerevisiae; allosterically inhibited by L-tyrosine,Title: 'TYROSINE-REGULATED ... COMPLEXED WITH TYROSINE AND MANGANESE' (not 'D-tyrosine'),"DTY does NOT appear in any SEQRES record; 0 ATOM lines, 104 HETATM lines",Nature Comms Chem 2023 (doi:10.1038/s42004-023-00946-x) cites 1OF6 as Aro4 L-Tyr complex; Aro4p Ki(L-Tyr)=0.9μM,"All 8 chains: DTY has OXT (free carboxylate, standalone ligand); all volumes +2.51 to +2.67","TYR (L-Tyr) — allosteric inhibitor is L-tyrosine, not D-tyrosine",CCD code misassignment: L-tyrosine inhibitor labeled with D-Tyr code (DTY) in 8 copies
1P52,DAR,A,403,1,+2.54,1.90 Å,17-JUN-03,STRUCTURE OF ARGININE KINASE E314D MUTANT,False,0,11,Not in SEQRES (non-polymer ligand),CCD-Code,Arginine kinase E314D mutant — same enzyme as 1BG0; substrate is L-arginine,Title: 'STRUCTURE OF ARGININE KINASE E314D MUTANT',DAR does NOT appear in any SEQRES record,Arginine kinase (EC 2.7.3.3) uses L-arginine as its physiological substrate,N/A — standalone ligand,ARG (L-Arg) — should use L-form CCD code,CCD code misassignment: L-arginine substrate labeled with D-Arg code (DAR)
1UHG,DSN,D,164,1,+2.21,1.90 Å,22-JUL-03,CRYSTAL STRUCTURE OF S-OVALBUMIN AT 1.9 ANGSTROM RESOLUTION,True,0,72,In SEQRES (polymer),Mislabel,S-ovalbumin; standard L-protein from chicken egg white — no biological reason for D-Ser,Title: 'CRYSTAL STRUCTURE OF S-OVALBUMIN AT 1.9 ANGSTROM RESOLUTION',DSN appears in SEQRES — but ovalbumin is an L-protein (UniProt P01012),Ovalbumin contains only standard L-amino acids; no known post-translational D-amino acid modifications,All other residues in ovalbumin are standard L-forms,SER (L-Ser) — standard L-protein; DSN is wrong residue code,Polymer residue mislabel: L-Ser at position 164 labeled as DSN (D-Ser) in an L-protein
1XT7,DSG,A,3,1,+2.55,NMR,16-NOV-04,DAPTOMYCIN NMR STRUCTURE,True,0,14,In SEQRES (polymer),Stereochem,Daptomycin (cyclic lipopeptide antibiotic); contains D-Asn (DSG) by biosynthetic requirement,COMPND: 'DAPTOMYCIN'; NMR structure,DSG appears in SEQRES for chain A,Daptomycin structure: D-Asn at position 2 is required for antimicrobial activity and ring closure,NMR structure (B-factors 0.00); other D-residues in daptomycin should be checked,DSG (D-Asn) — label is correct; coordinates are wrong,Genuine coordinate-level stereochemistry error in daptomycin NMR structure
2AOU,DCY,A,248,1,+2.67,2.30 Å,13-SEP-05,HISTAMINE METHYLTRANSFERASE COMPLEXED WITH THE ANTIMALARIAL DRUG AMODIAQUINE,True,0,6,In SEQRES (polymer),Mislabel,Histamine N-methyltransferase complexed with amodiaquine; standard L-protein (human enzyme),Title: 'HISTAMINE METHYLTRANSFERASE COMPLEXED WITH THE ANTIMALARIAL DRUG AMODIAQUINE',DCY appears in SEQRES — but HNMT is an L-protein (UniProt P50135),Human histamine N-methyltransferase contains only standard L-amino acids,All other residues are standard L-forms; no post-translational D-modifications known,CYS (L-Cys) — standard L-protein; DCY is wrong residue code,Polymer residue mislabel: L-Cys at position 248 labeled as DCY (D-Cys) in an L-protein
2ATS,DLY,A,3001;3002;3003,3,+2.56 to +2.59,1.90 Å,19-SEP-06,DIHYDRODIPICOLINATE SYNTHASE CO-CRYSTALLISED WITH (S)-LYSINE,False,0,30,Not in SEQRES (non-polymer ligand),CCD-Code,Dihydrodipicolinate synthase co-crystallised with (S)-lysine [= L-lysine],Title: 'DIHYDRODIPICOLINATE SYNTHASE CO-CRYSTALLISED WITH (S)-LYSINE',DLY does NOT appear in any SEQRES record,(S)-lysine is the IUPAC designation for L-lysine; enzyme is feedback-inhibited by L-lysine,3 copies (one per chain in trimer); all volumes +2.56 to +2.59,LYS (L-Lys) — title says '(S)-lysine'; DLY is wrong CCD code,CCD code misassignment: L-lysine labeled with D-Lys code (DLY) in 3 copies
